policy,ci_weight,batch_size,total_ci_cost_g,avg_ci_per_job_g,cfp_g_per_cpu_hour,avg_wait_s,makespan_s,elapsed_ms,num_jobs,alpha_mass,lookahead_min,duration_scale,duration_overrides
engine,0.050000,32,2.125944,0.002126,0.004569,72015.126000,21945.000000,4049.000,1000,1.0000,0,1.000,
k8,0.050000,32,2.162536,0.002163,0.004648,72075.380000,20939.000000,1344.000,1000,1.0000,0,1.000,
carbonscaler,0.050000,32,2.125961,0.002126,0.004569,72137.606000,21277.000000,1990.000,1000,1.0000,0,1.000,
themis_base,0.050000,32,2.108486,0.002108,0.004532,72146.416000,21639.000000,2667.000,1000,1.0000,0,1.000,
