policy,jobs,makespan_s,avg_wait_s,avg_runtime_s,total_carbon_kg,total_ci_cost_g,avg_carbon_g_per_job,avg_ci_cost_g_per_job,total_energy_kwh,total_energy_wh,avg_energy_kwh_per_job,avg_energy_wh_per_job,throughput_jobs_per_hour
hetpolicy,240,2148.0,33.458333333333336,114.4,0.00824450177060811,8.244501770608103,0.034352090710867096,0.034352090710867096,0.03691086655405407,36.91086655405407,0.0001537952773085586,0.1537952773085586,402.23463687150837
carbonscaler,151,206.0,9.960264900662251,44.317880794701985,0.011825991600599347,11.825991600599346,0.07831782516953209,0.07831782516953209,0.02021537025743478,20.21537025743478,0.00013387662422142239,0.13387662422142238,2638.8349514563106
