policy,jobs,makespan_s,avg_wait_s,avg_runtime_s,total_carbon_kg,total_ci_cost_g,avg_carbon_g_per_job,avg_ci_cost_g_per_job,total_energy_kwh,total_energy_wh,avg_energy_kwh_per_job,avg_energy_wh_per_job,throughput_jobs_per_hour
hetpolicy,18,521.0,3.6666666666666665,201.0,0.013039641596153848,13.039641596153848,0.7244245331196582,0.7244245331196582,0.0923657425213675,92.36574252136751,0.005131430140075973,5.131430140075973,124.37619961612283
carbonscaler,18,538.0,1.2777777777777777,196.27777777777777,0.011488846115384617,11.488846115384618,0.6382692286324788,0.6382692286324788,0.09241202991452992,92.41202991452991,0.005134001661918328,5.134001661918329,120.4460966542751
